cement,slag,fly_ash,water,superplasticizer,coarse_agg,fine_agg,age,predicted_strength_mpa
540.0,0.0,0.0,162.0,2.5,1040.0,676.0,28,56.968134800029624
540.0,0.0,0.0,162.0,2.5,1055.0,676.0,28,46.1522957040737
332.5,142.5,0.0,228.0,0.0,932.0,594.0,270,38.864668276282124
332.5,142.5,0.0,228.0,0.0,932.0,594.0,365,39.293286377683906
198.6,132.4,0.0,192.0,0.0,978.4,825.5,360,32.78289767253223
