cement,slag,fly_ash,water,superplasticizer,coarse_agg,fine_agg,age,predicted_strength_mpa
540.0,0.0,0.0,162.0,2.5,1040.0,676.0,28,78.55902989405409
540.0,0.0,0.0,162.0,2.5,1055.0,676.0,28,63.4346662832383
332.5,142.5,0.0,228.0,0.0,932.0,594.0,270,40.28666061352891
332.5,142.5,0.0,228.0,0.0,932.0,594.0,365,40.97748513550761
198.6,132.4,0.0,192.0,0.0,978.4,825.5,360,44.23964135988594
