{
  "version": "v3",
  "strategy": "HistGradientBoosting with richer mechanism interactions",
  "cv_10fold": {
    "R2_mean": 0.9388068168503707,
    "R2_std": 0.023597930371027965,
    "RMSE_mean": 4.0230923073208,
    "RMSE_std": 0.6821739004056007,
    "fit_time_mean_sec": 1.7713059902191162,
    "score_time_mean_sec": 0.027432775497436522
  },
  "compare_to_v2": {
    "v2": {
      "R2_mean": 0.9254273555039619,
      "RMSE_mean": 4.477608677603752
    },
    "delta": {
      "R2_gain": 0.013379461346408772,
      "RMSE_drop": 0.4545163702829518
    },
    "is_better": true
  }
}