{
  "version": "v9",
  "strategy": "Age-aware piecewise weighted blending with v7 anchor",
  "cv_protocol": {
    "type": "KFold",
    "n_splits": 10,
    "shuffle": true,
    "random_state": 42
  },
  "age_split_day": 28,
  "per_model_oof": [
    {
      "model_id": "XGBoost_v8",
      "model_family": "XGBoost",
      "feature_space": "v8",
      "best_params": {
        "n_estimators": 1482,
        "learning_rate": 0.044604576412178736,
        "max_depth": 4,
        "min_child_weight": 7.394621020486849,
        "subsample": 0.6642601673434315,
        "colsample_bytree": 0.6247108136598432,
        "gamma": 2.4343952947126315,
        "reg_alpha": 0.49332537524084563,
        "reg_lambda": 3.0210800926855668
      },
      "cv_10fold": {
        "R2_mean": 0.9459344669263606,
        "R2_std": 0.02244575490659121,
        "RMSE_mean": 3.7816600940647738,
        "RMSE_std": 0.7085652870079042,
        "oof_time_sec": 2.062798400002066
      }
    },
    {
      "model_id": "LightGBM_v8",
      "model_family": "LightGBM",
      "feature_space": "v8",
      "best_params": {
        "n_estimators": 2127,
        "learning_rate": 0.031969519083032506,
        "num_leaves": 32,
        "max_depth": 4,
        "min_child_samples": 8,
        "subsample": 0.838331183259241,
        "colsample_bytree": 0.5905247550993065,
        "reg_alpha": 0.7113890443035059,
        "reg_lambda": 0.0002216693328024357,
        "min_split_gain": 0.006463967504229284
      },
      "cv_10fold": {
        "R2_mean": 0.9456523804968973,
        "R2_std": 0.0208815983369301,
        "RMSE_mean": 3.8051955588923327,
        "RMSE_std": 0.6612680212227552,
        "oof_time_sec": 5.872962799970992
      }
    },
    {
      "model_id": "HGB_v8",
      "model_family": "HGB",
      "feature_space": "v8",
      "best_params": {
        "learning_rate": 0.05678535332386602,
        "max_iter": 1809,
        "max_depth": 12,
        "max_leaf_nodes": 15,
        "min_samples_leaf": 14,
        "l2_regularization": 4.580924468859991e-05,
        "max_bins": 213
      },
      "cv_10fold": {
        "R2_mean": 0.9454968971921444,
        "R2_std": 0.021505422092629654,
        "RMSE_mean": 3.808983851079879,
        "RMSE_std": 0.703931674950154,
        "oof_time_sec": 1.4920974999549799
      }
    },
    {
      "model_id": "HGB_v7_baseline",
      "model_family": "HGB",
      "feature_space": "v7",
      "best_params": {
        "learning_rate": 0.028,
        "max_iter": 2400,
        "max_depth": null,
        "max_leaf_nodes": 15,
        "min_samples_leaf": 6,
        "l2_regularization": 0.001
      },
      "cv_10fold": {
        "R2_mean": 0.947965399021796,
        "R2_std": 0.017761603564915886,
        "RMSE_mean": 3.7407815724955533,
        "RMSE_std": 0.5973724522683225,
        "oof_time_sec": 1.8132366999634542
      }
    }
  ],
  "global_blend": {
    "weights": {
      "XGBoost_v8": 0.3432453845357805,
      "LightGBM_v8": 0.025427700903462577,
      "HGB_v8": 0.04110886060444506,
      "HGB_v7_baseline": 0.5902180539563119
    },
    "cv_10fold": {
      "R2_mean": 0.9487248476543358,
      "R2_std": 0.01947160146784409,
      "RMSE_mean": 3.700053449896926,
      "RMSE_std": 0.6449536124479154
    }
  },
  "age_piecewise_blend": {
    "early_weights": {
      "XGBoost_v8": 0.31381268492611464,
      "LightGBM_v8": 0.0399295998987692,
      "HGB_v8": 0.013238754015929045,
      "HGB_v7_baseline": 0.6330189611591871
    },
    "late_weights": {
      "XGBoost_v8": 0.4632237881293413,
      "LightGBM_v8": 0.0,
      "HGB_v8": 0.12216657692210567,
      "HGB_v7_baseline": 0.414609634948553
    },
    "cv_10fold": {
      "R2_mean": 0.9487551869626101,
      "R2_std": 0.01932295152899543,
      "RMSE_mean": 3.699571199563451,
      "RMSE_std": 0.6406700830540204
    }
  },
  "best_model": {
    "strategy_variant": "age_piecewise",
    "cv_10fold": {
      "R2_mean": 0.9487551869626101,
      "R2_std": 0.01932295152899543,
      "RMSE_mean": 3.699571199563451,
      "RMSE_std": 0.6406700830540204
    }
  },
  "compare_to_v8": {
    "v8": {
      "R2_mean": 0.9487248477451174,
      "R2_std": 0.01947160031411161,
      "RMSE_mean": 3.7000534550593605,
      "RMSE_std": 0.6449535831056885,
      "fit_time_mean_sec": 1.1679182399937418,
      "score_time_mean_sec": 0.0
    },
    "delta": {
      "R2_gain": 3.033921749262536e-05,
      "RMSE_drop": 0.0004822554959096337
    },
    "is_better": true
  },
  "compare_to_v7": {
    "v7": {
      "R2_mean": 0.947965399021796,
      "R2_std": 0.017761603564915886,
      "RMSE_mean": 3.7407815724955533,
      "RMSE_std": 0.5973724522683225
    },
    "delta": {
      "R2_gain": 0.0007897879408140795,
      "RMSE_drop": 0.0412103729321025
    },
    "is_better": true
  },
  "training_time_sec": 19.01762040000176
}