cement,slag,fly_ash,water,superplasticizer,coarse_agg,fine_agg,age,predicted_strength_mpa
540.0,0.0,0.0,162.0,2.5,1040.0,676.0,28,78.57371720280761
540.0,0.0,0.0,162.0,2.5,1055.0,676.0,28,63.4030715222122
332.5,142.5,0.0,228.0,0.0,932.0,594.0,270,40.27069374633478
332.5,142.5,0.0,228.0,0.0,932.0,594.0,365,40.91480204298682
198.6,132.4,0.0,192.0,0.0,978.4,825.5,360,44.21959151961403
