{
  "version": "v1",
  "strategy": "Mechanism feature engineering + robust RandomForest",
  "cv_10fold": {
    "R2_mean": 0.9152057194356786,
    "R2_std": 0.020695755856799,
    "RMSE_mean": 4.7991227813821125,
    "RMSE_std": 0.5899867560580573,
    "fit_time_mean_sec": 1.6337907552719115,
    "score_time_mean_sec": 0.659722089767456
  },
  "compare_to_v0": {
    "v0": {
      "R2_mean": 0.9090028138944095,
      "RMSE_mean": 4.96947067496579
    },
    "delta": {
      "R2_gain": 0.006202905541269121,
      "RMSE_drop": 0.17034789358367775
    },
    "is_better": true
  }
}