{
  "UCI": {
    "H1_GBDT": {
      "r_min": 0.9966029572654683,
      "n_models": 4,
      "best_single_r2": 0.9485299517270193,
      "meta_results": {
        "Linear (SLSQP)": {
          "R2_mean": 0.9480063704491803,
          "R2_std": 0.019720171087686783,
          "RMSE_mean": 3.7259172643467147,
          "RMSE_std": 0.6476699007089045,
          "MAE_mean": 2.367160762944179,
          "MAE_std": 0.21820011992887275
        },
        "Random Forest": {
          "R2_mean": 0.9386881130550314,
          "R2_std": 0.021891907360102228,
          "RMSE_mean": 4.047630059159141,
          "RMSE_std": 0.6760739827268631,
          "MAE_mean": 2.673511310172601,
          "MAE_std": 0.25167955421211935
        },
        "MLP": {
          "R2_mean": 0.9454331799791518,
          "R2_std": 0.02049410983530947,
          "RMSE_mean": 3.814551504459127,
          "RMSE_std": 0.6765335229360712,
          "MAE_mean": 2.524373054472487,
          "MAE_std": 0.2626442412569365
        }
      }
    },
    "H4_Full": {
      "r_min": 0.9681412733229307,
      "n_models": 6,
      "best_single_r2": 0.9485299517270193,
      "meta_results": {
        "Linear (SLSQP)": {
          "R2_mean": 0.9474152431864644,
          "R2_std": 0.020261861199754507,
          "RMSE_mean": 3.743612918294052,
          "RMSE_std": 0.6593788280093194,
          "MAE_mean": 2.3847322308148597,
          "MAE_std": 0.21619881974330427
        },
        "Random Forest": {
          "R2_mean": 0.9387605181354848,
          "R2_std": 0.02305481797301603,
          "RMSE_mean": 4.036051465840057,
          "RMSE_std": 0.6986368710272299,
          "MAE_mean": 2.6527344618235813,
          "MAE_std": 0.23243504788092206
        },
        "MLP": {
          "R2_mean": 0.9412451265378696,
          "R2_std": 0.022013768079943163,
          "RMSE_mean": 3.9560425024425605,
          "RMSE_std": 0.6613012364235988,
          "MAE_mean": 2.6021624864743726,
          "MAE_std": 0.18722940376830358
        }
      }
    }
  },
  "Mexico": {
    "H1_GBDT": {
      "r_min": 0.9995604237633734,
      "n_models": 4,
      "best_single_r2": 0.99495758638509,
      "meta_results": {
        "Linear (SLSQP)": {
          "R2_mean": 0.9950815238197741,
          "R2_std": 0.0005902926526680863,
          "RMSE_mean": 0.6704145477847693,
          "RMSE_std": 0.03829090188167032,
          "MAE_mean": 0.4258860588611542,
          "MAE_std": 0.024882267764822216
        },
        "Random Forest": {
          "R2_mean": 0.9943070972737988,
          "R2_std": 0.0007587010211562914,
          "RMSE_mean": 0.7207383878292613,
          "RMSE_std": 0.04364103860629077,
          "MAE_mean": 0.45926639167340805,
          "MAE_std": 0.02636600702851938
        },
        "MLP": {
          "R2_mean": 0.9945595171535742,
          "R2_std": 0.0006102351047033088,
          "RMSE_mean": 0.7051801962522266,
          "RMSE_std": 0.036776179775356674,
          "MAE_mean": 0.47039475905174666,
          "MAE_std": 0.03128500704035292
        }
      }
    }
  },
  "runtime_sec": 47.38590530003421
}