{
  "meta": {
    "study": "Data Preprocessing Sanity Check (Phase 2.2)",
    "dataset": "UCI Concrete (N=1,030)"
  },
  "median_fill": {
    "R2": 0.9483120463820187,
    "RMSE": 3.796189476315627
  },
  "physical_fill": {
    "R2": 0.9484344114276577,
    "RMSE": 3.791693301517546
  },
  "delta": {
    "R2": 0.00012236504563900574,
    "RMSE": 0.004496174798080954
  },
  "assessment": "NEGLIGIBLE",
  "runtime_sec": 2446.4096484999172
}