{
  "meta": {
    "study": "Refined Feature Space Ablation (Phase 2.1)",
    "feature_levels": {
      "A": {
        "count": 4,
        "features": [
          "water_cement_ratio",
          "water_binder_ratio",
          "age_sqrt",
          "age_log1p"
        ]
      },
      "B": {
        "count": 12,
        "features": [
          "binder",
          "sp_binder_ratio",
          "scm_ratio",
          "fine_ratio_in_agg",
          "paste_index",
          "binder_to_agg_ratio",
          "water_to_paste_ratio",
          "cement_fraction_in_binder",
          "slag_fraction_in_binder",
          "flyash_fraction_in_binder",
          "superplasticizer_efficiency",
          "agg_binder_balance"
        ]
      },
      "C": {
        "count": 8,
        "features": [
          "age_pow_0_25",
          "abrams_index",
          "cement_age_interaction",
          "binder_age_interaction",
          "wb_age_interaction",
          "maturity_index",
          "age_inverse",
          "age_wc_interaction"
        ]
      }
    },
    "spaces": {
      "Refined-A": "8 raw + 4 Level A = 12 dims",
      "Refined-AB": "8 raw + 16 Level A+B = 24 dims",
      "Refined-All": "8 raw + 24 All engineered = 32 dims"
    },
    "n_trials_hpo": 50,
    "random_state": 42,
    "cv_folds": 10
  },
  "v0_adaboost": {
    "metrics": {
      "R2_mean": 0.9137055708737986,
      "R2_std": 0.022634177315226666,
      "RMSE_mean": 4.81485975599619,
      "RMSE_std": 0.6268406106080848,
      "MAE_mean": 3.1510236618231247,
      "MAE_std": 0.3158754178762695,
      "MAPE_mean": 11.481953138257596,
      "MAPE_std": 1.4378721670076797
    },
    "fold_metrics": {
      "R2": [
        0.9035505911109856,
        0.8826319587507447,
        0.9025510718860821,
        0.9268699797107283,
        0.8834599926549622,
        0.9602250900076126,
        0.9285864959886604,
        0.9002961554821459,
        0.9292368443461259,
        0.9196475287999375
      ],
      "RMSE": [
        5.064369325392681,
        5.37517502935908,
        5.353063023947563,
        5.20214930555229,
        5.512717003950737,
        3.4792582195444033,
        4.643631013441487,
        5.094988550675757,
        4.152417302774462,
        4.2708287853234435
      ],
      "MAE": [
        3.3533968154317697,
        3.3187844343514126,
        3.243976175558003,
        3.469680906721944,
        3.1439625070259622,
        2.4132399839751426,
        3.1095617855450444,
        3.5742963386313713,
        2.994485824295088,
        2.8888518466955104
      ],
      "MAPE": [
        12.430362070398685,
        10.038800738017672,
        12.594777781261493,
        11.10466549104398,
        11.830954629526842,
        8.944136928906568,
        13.607221691507023,
        12.438240547789583,
        12.270887591024163,
        9.559483913099948
      ]
    }
  },
  "spaces": {
    "Refined-A_V1": {
      "description": "V1: Refined-A Primary+Global Blend",
      "metrics": {
        "R2_mean": 0.9524262362316746,
        "R2_std": 0.017141767941327404,
        "RMSE_mean": 3.5697485554195203,
        "RMSE_std": 0.6063237134986568,
        "MAE_mean": 2.325219287602682,
        "MAE_std": 0.207199739198343,
        "MAPE_mean": 8.204123959089923,
        "MAPE_std": 1.0521863007279353
      },
      "fold_metrics": {
        "R2": [
          0.963086712397862,
          0.9443409011550201,
          0.9537306243268712,
          0.9485984061557888,
          0.9062366915488055,
          0.9730855433453369,
          0.9619335666108051,
          0.9599374666662175,
          0.9569350097940643,
          0.9563774403159756
        ],
        "RMSE": [
          3.1330472721962392,
          3.7015683019907684,
          3.688592195770436,
          4.361373279504747,
          4.9447534194866005,
          2.8620345192317393,
          3.390303870784509,
          3.229657467260244,
          3.2393626653586596,
          3.146792562611263
        ],
        "MAE": [
          2.2389207662507467,
          2.332227592706209,
          2.2301288221965425,
          2.7996277939216565,
          2.601088649810345,
          2.0363710131568618,
          2.252568753044814,
          2.2206517318101553,
          2.324774195737725,
          2.215833557391761
        ],
        "MAPE": [
          7.634683740814899,
          7.158080143916356,
          8.51640950782376,
          8.191721777760403,
          9.31841776548747,
          7.235688698685538,
          10.097613553390145,
          7.658170993186461,
          9.43358245015855,
          6.796870959675648
        ]
      },
      "weights": {
        "Refined-A_XGB": 0.23619298504963504,
        "Refined-A_LGB": 0.5783215855686423,
        "Refined-A_HGB": 0.18548542938172274
      },
      "feature_dim": 12
    },
    "Refined-AB_V1": {
      "description": "V1: Refined-AB Primary+Global Blend",
      "metrics": {
        "R2_mean": 0.948439676355229,
        "R2_std": 0.023007148819135716,
        "RMSE_mean": 3.687441657703613,
        "RMSE_std": 0.7391597249447712,
        "MAE_mean": 2.268349725855982,
        "MAE_std": 0.2560387475540069,
        "MAPE_mean": 8.138916269574286,
        "MAPE_std": 1.345609289351545
      },
      "fold_metrics": {
        "R2": [
          0.9696111275821415,
          0.9369178850201147,
          0.9451754929811631,
          0.9496480188877492,
          0.8865903253877726,
          0.9721876632051378,
          0.9606512915774599,
          0.9595130012176903,
          0.9494958091136309,
          0.954606148579432
        ],
        "RMSE": [
          2.842712095438116,
          3.9406766907086306,
          4.015144604528743,
          4.316614318535166,
          5.438175639693338,
          2.9093823448939795,
          3.44693244910028,
          3.246721615022552,
          3.5080122803281495,
          3.2100445387871743
        ],
        "MAE": [
          1.9878993099101816,
          2.3519337641284777,
          2.2226920933419563,
          2.476569399714492,
          2.8771686255287574,
          2.0437177114271305,
          2.1383182754572823,
          2.1929717443908627,
          2.383640991640052,
          2.0085853430206266
        ],
        "MAPE": [
          7.099517401872285,
          7.311532168565941,
          8.347671060306192,
          7.015538333515273,
          9.90468577349509,
          7.552963983555556,
          9.548946624712118,
          7.831401809954191,
          10.552661966276423,
          6.224243573489799
        ]
      },
      "weights": {
        "Refined-AB_XGB": 5.3600244902252125e-18,
        "Refined-AB_LGB": 0.6981447708846605,
        "Refined-AB_HGB": 0.3018552291153394
      },
      "feature_dim": 24
    },
    "Refined-All_V1": {
      "description": "V1: Refined-All Primary+Global Blend",
      "metrics": {
        "R2_mean": 0.9472352854526372,
        "R2_std": 0.021414632841260182,
        "RMSE_mean": 3.7465047693403073,
        "RMSE_std": 0.6911506596284077,
        "MAE_mean": 2.3873897279265193,
        "MAE_std": 0.2501035520537022,
        "MAPE_mean": 8.547350599576195,
        "MAPE_std": 1.4250887437850752
      },
      "fold_metrics": {
        "R2": [
          0.9636166946045919,
          0.9336531331223357,
          0.9412759448599263,
          0.9504604530497632,
          0.8903050370811902,
          0.9675254496176163,
          0.9558082492840527,
          0.962032221308044,
          0.9486058275808213,
          0.9590698440180293
        ],
        "RMSE": [
          3.110474608040638,
          4.041363284480589,
          4.155486179058509,
          4.281648201464351,
          5.348370944047636,
          3.143790755702702,
          3.6529029589734803,
          3.144089170857582,
          3.538786278981688,
          3.048135311795895
        ],