{
  "version": "v4",
  "strategy": "AutoML-style randomized hyperparameter search for HGB",
  "best_params": {
    "min_samples_leaf": 6,
    "max_leaf_nodes": 15,
    "max_iter": 1800,
    "max_depth": null,
    "learning_rate": 0.025,
    "l2_regularization": 0.0
  },
  "cv_10fold": {
    "R2_mean": 0.9471485294987009,
    "R2_std": 0.018355175665005885,
    "RMSE_mean": 3.7653505264899856,
    "RMSE_std": 0.5858319622791613
  },
  "compare_to_v3": {
    "v3": {
      "R2_mean": 0.9388068168503707,
      "RMSE_mean": 4.0230923073208
    },
    "delta": {
      "R2_gain": 0.008341712648330168,
      "RMSE_drop": 0.25774178083081445
    },
    "is_better": true
  }
}