{
  "source_like_experiments": {
    "S_test_A": {
      "ANN": {
        "train_R2": 0.871611198640002,
        "test_R2": 0.8317623756961653
      },
      "Reg_w_c": {
        "train_R2": 0.6291334153446918,
        "test_R2": 0.6306396668187868
      },
      "Reg_w_b": {
        "train_R2": 0.7780782571365761,
        "test_R2": 0.7912764228877015
      }
    },
    "S_test_B": {
      "ANN": {
        "train_R2": 0.8787615471864966,
        "test_R2": 0.8259539194703852
      },
      "Reg_w_c": {
        "train_R2": 0.6293281325604626,
        "test_R2": 0.6302891975442764
      },
      "Reg_w_b": {
        "train_R2": 0.788809726066038,
        "test_R2": 0.7611503145578311
      }
    },
    "S_test_C": {
      "ANN": {
        "train_R2": 0.8674988773169456,
        "test_R2": 0.8664507936476907
      },
      "Reg_w_c": {
        "train_R2": 0.6286935524849682,
        "test_R2": 0.6316921436236731
      },
      "Reg_w_b": {
        "train_R2": 0.7697016873532445,
        "test_R2": 0.8129590791160579
      }
    },
    "S_test_D": {
      "ANN": {
        "train_R2": 0.8724243055380726,
        "test_R2": 0.8504268741455283
      },
      "Reg_w_c": {
        "train_R2": 0.6325054028637416,
        "test_R2": 0.6184499635555101
      },
      "Reg_w_b": {
        "train_R2": 0.7887146200329569,
        "test_R2": 0.7530015505167009
      }
    }
  },
  "random_experiments": {
    "R1": {
      "ANN": {
        "train_R2": 0.8722691071754368,
        "test_R2": 0.8388662731283911
      },
      "Reg_w_c": {
        "train_R2": 0.6291334153447008,
        "test_R2": 0.6306396668376594
      },
      "Reg_w_b": {
        "train_R2": 0.7780782571365805,
        "test_R2": 0.79127642624763
      }
    },
    "R2": {
      "ANN": {
        "train_R2": 0.8758893433912287,
        "test_R2": 0.8311926944283488
      },
      "Reg_w_c": {
        "train_R2": 0.6379041397690535,
        "test_R2": 0.5996215823995956
      },
      "Reg_w_b": {
        "train_R2": 0.7858408500770121,
        "test_R2": 0.7648188643317906
      }
    },
    "R3": {
      "ANN": {
        "train_R2": 0.8461813924423736,
        "test_R2": 0.8000661223099399
      },
      "Reg_w_c": {
        "train_R2": 0.6364145310924553,
        "test_R2": 0.6079241282797951
      },
      "Reg_w_b": {
        "train_R2": 0.7801828794941181,
        "test_R2": 0.7842964690313246
      }
    },
    "R4": {
      "ANN": {
        "train_R2": 0.8556085538786373,
        "test_R2": 0.8226447211221514
      },
      "Reg_w_c": {
        "train_R2": 0.6418614507785462,
        "test_R2": 0.5925661511911262
      },
      "Reg_w_b": {
        "train_R2": 0.7915824581209377,
        "test_R2": 0.7499129259948126
      }
    }
  },
  "source_like_summary": {
    "ANN": {
      "test_R2_min": 0.8259539194703852,
      "test_R2_max": 0.8664507936476907,
      "test_R2_mean": 0.8436484907399424
    },
    "Reg_w_c": {
      "test_R2_min": 0.6184499635555101,
      "test_R2_max": 0.6316921436236731,
      "test_R2_mean": 0.6277677428855616
    },
    "Reg_w_b": {
      "test_R2_min": 0.7530015505167009,
      "test_R2_max": 0.8129590791160579,
      "test_R2_mean": 0.7795968417695729
    }
  },
  "random_summary": {
    "ANN": {
      "test_R2_min": 0.8000661223099399,
      "test_R2_max": 0.8388662731283911,
      "test_R2_mean": 0.8231924527472078
    },
    "Reg_w_c": {
      "test_R2_min": 0.5925661511911262,
      "test_R2_max": 0.6306396668376594,
      "test_R2_mean": 0.6076878821770441
    },
    "Reg_w_b": {
      "test_R2_min": 0.7499129259948126,
      "test_R2_max": 0.79127642624763,
      "test_R2_mean": 0.7725761714013895
    }
  },
  "notes": {
    "source_grouping": "A/B/C/D 为近似来源分组（原始公开数据无来源标签）",
    "ann_structure": "8-8-1",
    "random_states_random_splits": [
      42,
      43,
      44,
      45
    ]
  }
}