{
  "baseline": {
    "train_metrics": {
      "R2": 0.9793029982421457,
      "RMSE": 2.4072509549904924,
      "MAPE": 7.244937376012543,
      "MAE": 1.7065159756776953
    },
    "test_metrics": {
      "R2": 0.8929084092063961,
      "RMSE": 5.336460134127781,
      "MAPE": 14.623690394136341,
      "MAE": 3.863247132519802
    },
    "fit_time_sec": 0.27491809998173267
  },
  "optimized": {
    "train_metrics": {
      "R2": 0.9732118990373376,
      "RMSE": 2.7386631168305744,
      "MAPE": 8.399117570070015,
      "MAE": 2.129391039120327
    },
    "test_metrics": {
      "R2": 0.9198682290978413,
      "RMSE": 4.616129190532162,
      "MAPE": 13.291148007882745,
      "MAE": 3.608503734173901
    },
    "fit_time_sec": 0.5815237000351772
  },
  "comparison": {
    "R2_change_pct": 3.019326429400971,
    "RMSE_improve_pct": 13.498291454275499,
    "MAPE_improve_pct": 9.11221688525821,
    "MAE_improve_pct": 6.594022824533684
  },
  "notes": {
    "innovation": "特征工程 + 两阶段难样本重加权 AdaBoost",
    "same_split": true,
    "random_state": 42
  }
}