{
  "source_like_experiments": {
    "S_test_A": {
      "ANN": {
        "train_R2": 0.871611198640002,
        "test_R2": 0.8317623756961652
      },
      "Reg_w_c": {
        "train_R2": 0.6291334153447021,
        "test_R2": 0.6306396664366307
      },
      "Reg_w_b": {
        "train_R2": 0.7780782571365781,
        "test_R2": 0.7912764261646026
      }
    },
    "S_test_B": {
      "ANN": {
        "train_R2": 0.8787615471864967,
        "test_R2": 0.8259539194703852
      },
      "Reg_w_c": {
        "train_R2": 0.6293281325604438,
        "test_R2": 0.6302892014737373
      },
      "Reg_w_b": {
        "train_R2": 0.7888097260660395,
        "test_R2": 0.7611503144011365
      }
    },
    "S_test_C": {
      "ANN": {
        "train_R2": 0.8674988773169456,
        "test_R2": 0.8664507936476908
      },
      "Reg_w_c": {
        "train_R2": 0.6286935524849635,
        "test_R2": 0.6316921435651051
      },
      "Reg_w_b": {
        "train_R2": 0.769701687353243,
        "test_R2": 0.8129590798791231
      }
    },
    "S_test_D": {
      "ANN": {
        "train_R2": 0.8724243055380726,
        "test_R2": 0.8504268741455284
      },
      "Reg_w_c": {
        "train_R2": 0.6325054028633865,
        "test_R2": 0.6184500123968965
      },
      "Reg_w_b": {
        "train_R2": 0.7887146200329526,
        "test_R2": 0.7530015503260156
      }
    }
  },
  "random_experiments": {
    "R1": {
      "ANN": {
        "train_R2": 0.8722691071754368,
        "test_R2": 0.8388662731283911
      },
      "Reg_w_c": {
        "train_R2": 0.6291334153446807,
        "test_R2": 0.6306396575859885
      },
      "Reg_w_b": {
        "train_R2": 0.778078257136578,
        "test_R2": 0.7912764263273313
      }
    },
    "R2": {
      "ANN": {
        "train_R2": 0.8758893433912287,
        "test_R2": 0.8311926944283488
      },
      "Reg_w_c": {
        "train_R2": 0.6379041397690604,
        "test_R2": 0.5996215830476672
      },
      "Reg_w_b": {
        "train_R2": 0.7858408500770127,
        "test_R2": 0.7648188643058139
      }
    },
    "R3": {
      "ANN": {
        "train_R2": 0.8461813924423737,
        "test_R2": 0.8000661223099401
      },
      "Reg_w_c": {
        "train_R2": 0.6364145310924609,
        "test_R2": 0.6079241290669086
      },
      "Reg_w_b": {
        "train_R2": 0.7801828794941119,
        "test_R2": 0.7842964696762411
      }
    },
    "R4": {
      "ANN": {
        "train_R2": 0.8556085538786374,
        "test_R2": 0.8226447211221515
      },
      "Reg_w_c": {
        "train_R2": 0.6418614507785296,
        "test_R2": 0.5925661574876557
      },
      "Reg_w_b": {
        "train_R2": 0.7915824581209394,
        "test_R2": 0.7499129264955691
      }
    }
  },
  "source_like_summary": {
    "ANN": {
      "test_R2_min": 0.8259539194703852,
      "test_R2_max": 0.8664507936476908,
      "test_R2_mean": 0.8436484907399425
    },
    "Reg_w_c": {
      "test_R2_min": 0.6184500123968965,
      "test_R2_max": 0.6316921435651051,
      "test_R2_mean": 0.6277677559680924
    },
    "Reg_w_b": {
      "test_R2_min": 0.7530015503260156,
      "test_R2_max": 0.8129590798791231,
      "test_R2_mean": 0.7795968426927194
    }
  },
  "random_summary": {
    "ANN": {
      "test_R2_min": 0.8000661223099401,
      "test_R2_max": 0.8388662731283911,
      "test_R2_mean": 0.8231924527472079
    },
    "Reg_w_c": {
      "test_R2_min": 0.5925661574876557,
      "test_R2_max": 0.6306396575859885,
      "test_R2_mean": 0.607687881797055
    },
    "Reg_w_b": {
      "test_R2_min": 0.7499129264955691,
      "test_R2_max": 0.7912764263273313,
      "test_R2_mean": 0.7725761717012389
    }
  },
  "notes": {
    "source_grouping": "A/B/C/D 为近似来源分组（原始公开数据无来源标签）",
    "ann_structure": "8-8-1",
    "random_states_random_splits": [
      42,
      43,
      44,
      45
    ]
  }
}