{
  "dataset_overview": {
    "n_samples": 1030,
    "n_features": 8
  },
  "split": {
    "train_size": 927,
    "test_size": 103,
    "random_state": 42
  },
  "models": {
    "AdaBoost": {
      "train_metrics": {
        "R2": 0.9793029982421457,
        "RMSE": 2.4072509549904924,
        "MAPE": 7.244937376012543,
        "MAE": 1.7065159756776953
      },
      "test_metrics": {
        "R2": 0.8929084092063961,
        "RMSE": 5.336460134127781,
        "MAPE": 14.623690394136341,
        "MAE": 3.863247132519802
      },
      "fit_time_sec": 0.2766529999789782,
      "predict_time_sec": 0.033735500008333474
    },
    "ANN": {
      "train_metrics": {
        "R2": 0.9636250605140341,
        "RMSE": 3.1913085013618856,
        "MAPE": 7.857600175189907,
        "MAE": 2.286774113086853
      },
      "test_metrics": {
        "R2": 0.9159625136008189,
        "RMSE": 4.727288542877013,
        "MAPE": 11.909393730431935,
        "MAE": 3.363666052555327
      },
      "fit_time_sec": 3.975382000033278,
      "predict_time_sec": 0.002456699963659048
    },
    "SVM": {
      "train_metrics": {
        "R2": 0.916935594734646,
        "RMSE": 4.822532124917907,
        "MAPE": 11.319964027775145,
        "MAE": 3.123114153779656
      },
      "test_metrics": {
        "R2": 0.8713394031225854,
        "RMSE": 5.849225509774323,
        "MAPE": 14.727927538468627,
        "MAE": 4.209858673656045
      },
      "fit_time_sec": 0.03147849999368191,
      "predict_time_sec": 0.03344239998841658
    }
  },
  "adaboost_cv_10fold": {
    "R2_mean": 0.9090028138944095,
    "R2_std": 0.019588030587972472,
    "RMSE_mean": 4.96947067496579,
    "RMSE_std": 0.571174955952357,
    "MAPE_mean": 13.351333227969098,
    "MAPE_std": 1.4371444957941475,
    "MAE_mean": 3.5085349786174986,
    "MAE_std": 0.36599230505360286
  }
}