{
  "version": "v5",
  "strategy": "Multi-seed strengthened randomized search for HGB",
  "best_seed": 11,
  "best_params": {
    "min_samples_leaf": 6,
    "max_leaf_nodes": 15,
    "max_iter": 2400,
    "max_depth": null,
    "learning_rate": 0.028,
    "l2_regularization": 0.001
  },
  "all_seed_results": {
    "11": {
      "cv_10fold": {
        "R2_mean": 0.947965399021796,
        "R2_std": 0.017761603564915886,
        "RMSE_mean": 3.7407815724955533,
        "RMSE_std": 0.5973724522683225
      },
      "best_params": {
        "min_samples_leaf": 6,
        "max_leaf_nodes": 15,
        "max_iter": 2400,
        "max_depth": null,
        "learning_rate": 0.028,
        "l2_regularization": 0.001
      }
    },
    "42": {
      "cv_10fold": {
        "R2_mean": 0.9476173651879432,
        "R2_std": 0.01844084478028459,
        "RMSE_mean": 3.7465739946252485,
        "RMSE_std": 0.5880227470964473
      },
      "best_params": {
        "min_samples_leaf": 6,
        "max_leaf_nodes": 15,
        "max_iter": 2000,
        "max_depth": 12,
        "learning_rate": 0.025,
        "l2_regularization": 0.005
      }
    },
    "77": {
      "cv_10fold": {
        "R2_mean": 0.9471474155906764,
        "R2_std": 0.018609572176961908,
        "RMSE_mean": 3.7679822290627536,
        "RMSE_std": 0.6071652483959095
      },
      "best_params": {
        "min_samples_leaf": 5,
        "max_leaf_nodes": 15,
        "max_iter": 2400,
        "max_depth": 10,
        "learning_rate": 0.03,
        "l2_regularization": 0.001
      }
    },
    "123": {
      "cv_10fold": {
        "R2_mean": 0.9472275259193411,
        "R2_std": 0.018212654933331674,
        "RMSE_mean": 3.765193617456061,
        "RMSE_std": 0.5853228149017049
      },
      "best_params": {
        "min_samples_leaf": 6,
        "max_leaf_nodes": 15,
        "max_iter": 2400,
        "max_depth": 12,
        "learning_rate": 0.025,
        "l2_regularization": 0.01
      }
    }
  },
  "cv_10fold": {
    "R2_mean": 0.947965399021796,
    "R2_std": 0.017761603564915886,
    "RMSE_mean": 3.7407815724955533,
    "RMSE_std": 0.5973724522683225
  },
  "compare_to_v4": {
    "v4": {
      "R2_mean": 0.9471485294987009,
      "RMSE_mean": 3.7653505264899856
    },
    "delta": {
      "R2_gain": 0.0008168695230951206,
      "RMSE_drop": 0.024568953994432263
    },
    "is_better": true
  }
}